ImageID,AltText
Inline_1,Dummy alt text 1
Inline_2,Dummy alt text 2
Inline_3,Dummy alt text 3
Inline_4,Dummy alt text 4
Inline_5,Dummy alt text 5
Inline_6,Dummy alt text 6
Inline_7,Dummy alt text 7
Inline_8,Dummy alt text 8
Inline_9,Dummy alt text 9
Inline_10,Dummy alt text 10
Inline_11,Dummy alt text 11
Inline_12,Dummy alt text 12
Inline_13,Dummy alt text 13
Inline_14,Dummy alt text 14
Inline_15,Dummy alt text 15
Inline_16,Dummy alt text 16
Inline_17,Dummy alt text 17
Inline_18,Dummy alt text 18
Inline_19,Dummy alt text 19
Inline_20,Dummy alt text 20
Inline_21,Dummy alt text 21
Inline_22,Dummy alt text 22
Inline_23,Dummy alt text 23
Inline_24,Dummy alt text 24
Inline_25,Dummy alt text 25
Inline_26,Dummy alt text 26
Inline_27,Dummy alt text 27
Inline_28,Dummy alt text 28
Inline_29,Dummy alt text 29
Inline_30,Dummy alt text 30
Inline_31,Dummy alt text 31
Inline_32,Dummy alt text 32
Inline_33,Dummy alt text 33
Inline_34,Dummy alt text 34
Inline_35,Dummy alt text 35
Inline_36,Dummy alt text 36
Inline_37,Dummy alt text 37
Inline_38,Dummy alt text 38
Inline_39,Dummy alt text 39
Inline_40,Dummy alt text 40
Inline_41,Dummy alt text 41
Inline_42,Dummy alt text 42
Inline_43,Dummy alt text 43
Inline_44,Dummy alt text 44
Inline_45,Dummy alt text 45
Inline_46,Dummy alt text 46
Inline_47,Dummy alt text 47
Inline_48,Dummy alt text 48
Inline_49,Dummy alt text 49
Inline_50,Dummy alt text 50
Inline_51,Dummy alt text 51
Inline_52,Dummy alt text 52
Inline_53,Dummy alt text 53
Inline_54,Dummy alt text 54
Inline_55,Dummy alt text 55
Inline_56,Dummy alt text 56
Inline_57,Dummy alt text 57
Inline_58,Dummy alt text 58
Inline_59,Dummy alt text 59
Inline_60,Dummy alt text 60
Inline_61,Dummy alt text 61
Inline_62,Dummy alt text 62
Inline_63,Dummy alt text 63
Inline_64,Dummy alt text 64
Inline_65,Dummy alt text 65
Inline_66,Dummy alt text 66
Inline_67,Dummy alt text 67
Inline_68,Dummy alt text 68
Inline_69,Dummy alt text 69
Inline_70,Dummy alt text 70
Inline_71,Dummy alt text 71
Inline_72,Dummy alt text 72
Inline_73,Dummy alt text 73
Inline_74,Dummy alt text 74
Inline_75,Dummy alt text 75
Inline_76,Dummy alt text 76
Inline_77,Dummy alt text 77
Inline_78,Dummy alt text 78
Inline_79,Dummy alt text 79
Inline_80,Dummy alt text 80
Inline_81,Dummy alt text 81
Inline_82,Dummy alt text 82
Inline_83,Dummy alt text 83
Floating_84,Dummy alt text 84
Floating_85,Dummy alt text 85
Floating_86,Dummy alt text 86
Floating_87,Dummy alt text 87
Floating_88,Dummy alt text 88
Floating_89,Dummy alt text 89
Floating_90,Dummy alt text 90
